Workbook

Sheet Resumo da Obra
A1: GESTÃO E CONTROLE DE CUSTOS DE OBRA
A2: Resumo Orçamentário, Custos Realizados e Saldo por Categoria
A4: Nome da Obra: | B4: Residência Alphaville - Villa Bella
A5: Cliente: | B5: Carlos & Mariana Silva
A6: Endereço: | B6: Av. Das Palmeiras, 450 - Tamboré, Santana de Parnaíba - SP
A7: Arquitetura: | B7: Studio Arquitetura & Design (Arq. Amanda Costa)
A10: Categoria / Item | B10: Qtd. (Unid) | C10: Área Total (m²) | D10: Custo Fechado | E10: Valor Insumos (Comprado) | F10: Valor Instalação | G10: Custo Frete | H10: Custo RT | I10: Custo Total Realizado | J10: Saldo | M10: Indicador Financeiro | N10: Valor (R$)
A11: Painel | B11: =SUMIF('Detalhamento de Itens'!$A$4:$A$100, A11, 'Detalhamento de Itens'!$C$4:$C$100) | C11: =SUMIF('Detalhamento de Itens'!$A$4:$A$100, A11, 'Detalhamento de Itens'!$D$4:$D$100) | D11: =SUMIF('Detalhamento de Itens'!$A$4:$A$100, A11, 'Detalhamento de Itens'!$E$4:$E$100) | E11: =SUMIF('Detalhamento de Itens'!$A$4:$A$100, A11, 'Detalhamento de Itens'!$F$4:$F$100) | F11: =SUMIF('Detalhamento de Itens'!$A$4:$A$100, A11, 'Detalhamento de Itens'!$G$4:$G$100) | G11: =SUMIF('Detalhamento de Itens'!$A$4:$A$100, A11, 'Detalhamento de Itens'!$H$4:$H$100) | H11: =SUMIF('Detalhamento de Itens'!$A$4:$A$100, A11, 'Detalhamento de Itens'!$I$4:$I$100) | I11: =SUM(E11:H11) | J11: =D11-I11 | M11: Gasto Total Realizado | N11: =I17
A12: Portas | B12: =SUMIF('Detalhamento de Itens'!$A$4:$A$100, A12, 'Detalhamento de Itens'!$C$4:$C$100) | C12: =SUMIF('Detalhamento de Itens'!$A$4:$A$100, A12, 'Detalhamento de Itens'!$D$4:$D$100) | D12: =SUMIF('Detalhamento de Itens'!$A$4:$A$100, A12, 'Detalhamento de Itens'!$E$4:$E$100) | E12: =SUMIF('Detalhamento de Itens'!$A$4:$A$100, A12, 'Detalhamento de Itens'!$F$4:$F$100) | F12: =SUMIF('Detalhamento de Itens'!$A$4:$A$100, A12, 'Detalhamento de Itens'!$G$4:$G$100) | G12: =SUMIF('Detalhamento de Itens'!$A$4:$A$100, A12, 'Detalhamento de Itens'!$H$4:$H$100) | H12: =SUMIF('Detalhamento de Itens'!$A$4:$A$100, A12, 'Detalhamento de Itens'!$I$4:$I$100) | I12: =SUM(E12:H12) | J12: =D12-I12 | M12: Saldo Positivo / Economia | N12: =J17
A13: Forro | B13: =SUMIF('Detalhamento de Itens'!$A$4:$A$100, A13, 'Detalhamento de Itens'!$C$4:$C$100) | C13: =SUMIF('Detalhamento de Itens'!$A$4:$A$100, A13, 'Detalhamento de Itens'!$D$4:$D$100) | D13: =SUMIF('Detalhamento de Itens'!$A$4:$A$100, A13, 'Detalhamento de Itens'!$E$4:$E$100) | E13: =SUMIF('Detalhamento de Itens'!$A$4:$A$100, A13, 'Detalhamento de Itens'!$F$4:$F$100) | F13: =SUMIF('Detalhamento de Itens'!$A$4:$A$100, A13, 'Detalhamento de Itens'!$G$4:$G$100) | G13: =SUMIF('Detalhamento de Itens'!$A$4:$A$100, A13, 'Detalhamento de Itens'!$H$4:$H$100) | H13: =SUMIF('Detalhamento de Itens'!$A$4:$A$100, A13, 'Detalhamento de Itens'!$I$4:$I$100) | I13: =SUM(E13:H13) | J13: =D13-I13
A14: Piso | B14: =SUMIF('Detalhamento de Itens'!$A$4:$A$100, A14, 'Detalhamento de Itens'!$C$4:$C$100) | C14: =SUMIF('Detalhamento de Itens'!$A$4:$A$100, A14, 'Detalhamento de Itens'!$D$4:$D$100) | D14: =SUMIF('Detalhamento de Itens'!$A$4:$A$100, A14, 'Detalhamento de Itens'!$E$4:$E$100) | E14: =SUMIF('Detalhamento de Itens'!$A$4:$A$100, A14, 'Detalhamento de Itens'!$F$4:$F$100) | F14: =SUMIF('Detalhamento de Itens'!$A$4:$A$100, A14, 'Detalhamento de Itens'!$G$4:$G$100) | G14: =SUMIF('Detalhamento de Itens'!$A$4:$A$100, A14, 'Detalhamento de Itens'!$H$4:$H$100) | H14: =SUMIF('Detalhamento de Itens'!$A$4:$A$100, A14, 'Detalhamento de Itens'!$I$4:$I$100) | I14: =SUM(E14:H14) | J14: =D14-I14
A15: Deck | B15: =SUMIF('Detalhamento de Itens'!$A$4:$A$100, A15, 'Detalhamento de Itens'!$C$4:$C$100) | C15: =SUMIF('Detalhamento de Itens'!$A$4:$A$100, A15, 'Detalhamento de Itens'!$D$4:$D$100) | D15: =SUMIF('Detalhamento de Itens'!$A$4:$A$100, A15, 'Detalhamento de Itens'!$E$4:$E$100) | E15: =SUMIF('Detalhamento de Itens'!$A$4:$A$100, A15, 'Detalhamento de Itens'!$F$4:$F$100) | F15: =SUMIF('Detalhamento de Itens'!$A$4:$A$100, A15, 'Detalhamento de Itens'!$G$4:$G$100) | G15: =SUMIF('Detalhamento de Itens'!$A$4:$A$100, A15, 'Detalhamento de Itens'!$H$4:$H$100) | H15: =SUMIF('Detalhamento de Itens'!$A$4:$A$100, A15, 'Detalhamento de Itens'!$I$4:$I$100) | I15: =SUM(E15:H15) | J15: =D15-I15
A16: Marcenaria (Móveis) | B16: =SUMIF('Detalhamento de Itens'!$A$4:$A$100, A16, 'Detalhamento de Itens'!$C$4:$C$100) | C16: =SUMIF('Detalhamento de Itens'!$A$4:$A$100, A16, 'Detalhamento de Itens'!$D$4:$D$100) | D16: =SUMIF('Detalhamento de Itens'!$A$4:$A$100, A16, 'Detalhamento de Itens'!$E$4:$E$100) | E16: =SUMIF('Detalhamento de Itens'!$A$4:$A$100, A16, 'Detalhamento de Itens'!$F$4:$F$100) | F16: =SUMIF('Detalhamento de Itens'!$A$4:$A$100, A16, 'Detalhamento de Itens'!$G$4:$G$100) | G16: =SUMIF('Detalhamento de Itens'!$A$4:$A$100, A16, 'Detalhamento de Itens'!$H$4:$H$100) | H16: =SUMIF('Detalhamento de Itens'!$A$4:$A$100, A16, 'Detalhamento de Itens'!$I$4:$I$100) | I16: =SUM(E16:H16) | J16: =D16-I16
A17: TOTAL GERAL | B17: =SUM(B11:B16) | C17: =SUM(C11:C16) | D17: =SUM(D11:D16) | E17: =SUM(E11:E16) | F17: =SUM(F11:F16) | G17: =SUM(G11:G16) | H17: =SUM(H11:H16) | I17: =SUM(I11:I16) | J17: =SUM(J11:J16)

Sheet Detalhamento de Itens
A1: DETALHAMENTO DE ITENS E CUSTOS INDIVIDUAIS
A2: Lançamento de cada elemento da obra com Insumos, Instalação, Frete e RT
A3: Categoria | B3: Descrição do Item / Cômodo | C3: Qtd. (Unid) | D3: Área (m²) | E3: Custo Fechado | F3: Valor Insumos | G3: Valor Instalação | H3: Custo Frete | I3: Custo RT | J3: Custo Total Item | K3: Saldo Item | L3: Status
A4: Painel | B4: Painel Ripado Sala de Estar - Freijó | C4: 1 | D4: 24.5 | E4: 8500 | F4: 4200 | G4: 1800 | H4: 350 | I4: 500 | J4: =IF(COUNTA(A4:I4)>0, SUM(F4:I4), "") | K4: =IF(COUNTA(A4:I4)>0, E4-J4, "") | L4: Concluído
A5: Painel | B5: Painel Cabeceira Suíte Master - Estofado/Wood | C5: 1 | D5: 12 | E5: 6200 | F5: 3100 | G5: 1200 | H5: 250 | I5: 400 | J5: =IF(COUNTA(A5:I5)>0, SUM(F5:I5), "") | K5: =IF(COUNTA(A5:I5)>0, E5-J5, "") | L5: Em Andamento
A6: Portas | B6: Porta Pivotante Entrada Social (Madeira Cumaru) | C6: 1 | D6: 4.2 | E6: 9800 | F6: 6500 | G6: 1500 | H6: 400 | I6: 600 | J6: =IF(COUNTA(A6:I6)>0, SUM(F6:I6), "") | K6: =IF(COUNTA(A6:I6)>0, E6-J6, "") | L6: Concluído
A7: Portas | B7: Kit 6 Portas de Passagem Internas Lacadas | C7: 6 | D7: 12.6 | E7: 14500 | F7: 9200 | G7: 2400 | H7: 600 | I7: 900 | J7: =IF(COUNTA(A7:I7)>0, SUM(F7:I7), "") | K7: =IF(COUNTA(A7:I7)>0, E7-J7, "") | L7: Em Andamento
A8: Forro | B8: Forro de Madeira Cumaru Sacada Gourmet | C8: 1 | D8: 35 | E8: 11200 | F8: 6800 | G8: 2200 | H8: 450 | I8: 700 | J8: =IF(COUNTA(A8:I8)>0, SUM(F8:I8), "") | K8: =IF(COUNTA(A8:I8)>0, E8-J8, "") | L8: Concluído
A9: Forro | B9: Forro Gesso Acústico Home Theater | C9: 1 | D9: 22 | E9: 5400 | F9: 2800 | G9: 1400 | H9: 200 | I9: 300 | J9: =IF(COUNTA(A9:I9)>0, SUM(F9:I9), "") | K9: =IF(COUNTA(A9:I9)>0, E9-J9, "") | L9: Pendente
A10: Piso | B10: Piso Vinílico Clicado Área Íntima (140m²) | C10: 1 | D10: 140 | E10: 21000 | F10: 14500 | G10: 3500 | H10: 800 | I10: 1200 | J10: =IF(COUNTA(A10:I10)>0, SUM(F10:I10), "") | K10: =IF(COUNTA(A10:I10)>0, E10-J10, "") | L10: Em Andamento
A11: Piso | B11: Piso Porcelanato 120x120 Sala/Cozinha | C11: 1 | D11: 110 | E11: 32000 | F11: 22000 | G11: 5500 | H11: 1200 | I11: 1800 | J11: =IF(COUNTA(A11:I11)>0, SUM(F11:I11), "") | K11: =IF(COUNTA(A11:I11)>0, E11-J11, "") | L11: Concluído
A12: Deck | B12: Deck Madeira Cumaru Área da Piscina (45m²) | C12: 1 | D12: 45 | E12: 18500 | F12: 11500 | G12: 3800 | H12: 650 | I12: 1000 | J12: =IF(COUNTA(A12:I12)>0, SUM(F12:I12), "") | K12: =IF(COUNTA(A12:I12)>0, E12-J12, "") | L12: Em Andamento
A13: Marcenaria (Móveis) | B13: Cozinha Planejada Completa (MDF Naval + Quartzo) | C13: 1 | D13: 28 | E13: 45000 | F13: 28000 | G13: 6500 | H13: 1500 | I13: 2500 | J13: =IF(COUNTA(A13:I13)>0, SUM(F13:I13), "") | K13: =IF(COUNTA(A13:I13)>0, E13-J13, "") | L13: Pendente
A14: Marcenaria (Móveis) | B14: Armários Closet Suíte Principal | C14: 1 | D14: 18 | E14: 28000 | F14: 17500 | G14: 4200 | H14: 900 | I14: 1500 | J14: =IF(COUNTA(A14:I14)>0, SUM(F14:I14), "") | K14: =IF(COUNTA(A14:I14)>0, E14-J14, "") | L14: Pendente
A15: Marcenaria (Móveis) | B15: Móvel Lavabo + Gabinetes Banheiros | C15: 1 | D15: 8.5 | E15: 12400 | F15: 7200 | G15: 1800 | H15: 400 | I15: 700 | J15: =IF(COUNTA(A15:I15)>0, SUM(F15:I15), "") | K15: =IF(COUNTA(A15:I15)>0, E15-J15, "") | L15: Pendente
J16: =IF(COUNTA(A16:I16)>0, SUM(F16:I16), "") | K16: =IF(COUNTA(A16:I16)>0, E16-J16, "")
J17: =IF(COUNTA(A17:I17)>0, SUM(F17:I17), "") | K17: =IF(COUNTA(A17:I17)>0, E17-J17, "")
J18: =IF(COUNTA(A18:I18)>0, SUM(F18:I18), "") | K18: =IF(COUNTA(A18:I18)>0, E18-J18, "")
J19: =IF(COUNTA(A19:I19)>0, SUM(F19:I19), "") | K19: =IF(COUNTA(A19:I19)>0, E19-J19, "")
J20: =IF(COUNTA(A20:I20)>0, SUM(F20:I20), "") | K20: =IF(COUNTA(A20:I20)>0, E20-J20, "")
J21: =IF(COUNTA(A21:I21)>0, SUM(F21:I21), "") | K21: =IF(COUNTA(A21:I21)>0, E21-J21, "")
J22: =IF(COUNTA(A22:I22)>0, SUM(F22:I22), "") | K22: =IF(COUNTA(A22:I22)>0, E22-J22, "")
J23: =IF(COUNTA(A23:I23)>0, SUM(F23:I23), "") | K23: =IF(COUNTA(A23:I23)>0, E23-J23, "")
J24: =IF(COUNTA(A24:I24)>0, SUM(F24:I24), "") | K24: =IF(COUNTA(A24:I24)>0, E24-J24, "")
J25: =IF(COUNTA(A25:I25)>0, SUM(F25:I25), "") | K25: =IF(COUNTA(A25:I25)>0, E25-J25, "")
J26: =IF(COUNTA(A26:I26)>0, SUM(F26:I26), "") | K26: =IF(COUNTA(A26:I26)>0, E26-J26, "")
J27: =IF(COUNTA(A27:I27)>0, SUM(F27:I27), "") | K27: =IF(COUNTA(A27:I27)>0, E27-J27, "")
... J100: =IF(COUNTA(A100:I100)>0, SUM(F100:I100), "") | K100: =IF(COUNTA(A100:I100)>0, E100-J100, "")
